name,datetime,temp,feelslike,dew,humidity,precip,precipprob,preciptype,snow,snowdepth,windgust,windspeed,winddir,sealevelpressure,cloudcover,visibility,solarradiation,solarenergy,uvindex,severerisk,conditions,icon,stations
suticollo,2025-02-11T13:00:00,77,77,51.8,41.45,0,0,,0,0,15.2,4.7,200,1022,50,6.2,834,3,8,10,Partially cloudy,partly-cloudy-day,"85223099999,F9120,SLCB"
suticollo,2025-02-11T14:00:00,78.7,78.7,44.5,29.81,0,0,,0,0,17.7,5.8,210,1020,50,6.2,821,3,8,10,Partially cloudy,partly-cloudy-day,"F9120,SLCB"
suticollo,2025-02-11T15:00:00,80.5,79.4,44.5,28.1,0.004,100,rain,0,0,18.1,5.8,260,1019,50,6.2,697,2.5,7,10,"Rain, Partially cloudy",rain,"F9120,SLCB"
suticollo,2025-02-11T16:00:00,80.6,80.1,51.8,36.82,0,0,,0,0,18.6,8.1,220,1017,50,6.2,388,1.4,4,10,Partially cloudy,partly-cloudy-day,"85223099999,F9120,SLCB"
suticollo,2025-02-11T17:00:00,80.6,79.9,50,34.45,0,0,,0,0,16.3,4.7,170,1017,50,6.2,235,0.8,2,10,Partially cloudy,partly-cloudy-day,"85223099999,F9120,SLCB"
suticollo,2025-02-11T18:00:00,77,77,46.4,33.88,0,0,,0,0,15.4,5.8,160,1016,89,6.2,99,0.4,1,10,Partially cloudy,partly-cloudy-day,"85223099999,F9120,SLCB"
suticollo,2025-02-11T19:00:00,75.2,75.2,48.2,38.49,0,0,,0,0,12.8,5.8,130,1017,89,6.2,35,0.1,0,10,Partially cloudy,partly-cloudy-day,"85223099999,F9120,SLCB"
suticollo,2025-02-11T20:00:00,71.4,71.4,46.7,41.26,0,0,,0,0,10.7,11.4,150,1019,89,7.7,0,0,0,10,Partially cloudy,partly-cloudy-night,"85223099999,F9120,SLCB"
suticollo,2025-02-11T21:00:00,68,68,48.2,49.13,0,0,,0,0,11.4,6.9,140,1020,50,6.2,0,0,0,10,Partially cloudy,partly-cloudy-night,"85223099999,F9120,SLCB"
suticollo,2025-02-11T22:00:00,66.2,66.2,50,55.91,0,0,,0,0,10.5,9.2,150,1021,50,6.2,0,0,0,10,Partially cloudy,partly-cloudy-night,"85223099999,F9120,SLCB"
suticollo,2025-02-11T23:00:00,65.8,65.8,50,56.6,0,0,,0,0,9.6,10.3,170,1022,50,7.7,0,0,0,10,Partially cloudy,partly-cloudy-night,"85223099999,F9120,SLCB"
suticollo,2025-02-12T00:00:00,64.4,64.4,50,59.52,0,0,,0,0,8.7,8.1,140,1023,89,6.2,0,0,0,10,Partially cloudy,partly-cloudy-night,"85223099999,F9120,SLCB"
suticollo,2025-02-12T01:00:00,62.6,62.6,50,63.4,0,0,,0,0,8.7,13.9,140,1023,89,6.2,0,0,0,3,Partially cloudy,partly-cloudy-night,"85223099999,F9120,SLCB"
suticollo,2025-02-12T02:00:00,62.9,62.9,46.5,55.07,0,0,,0,0,7.2,9.2,130,1023,89,7.7,0,0,0,10,Partially cloudy,partly-cloudy-night,"85223099999,F9120,SLCB"
suticollo,2025-02-12T03:00:00,60.8,60.8,50,67.56,0,0,,0,0,6.7,3.4,360,1022,89,6.2,0,0,0,10,Partially cloudy,partly-cloudy-night,"85223099999,F9120,SLCB"
suticollo,2025-02-12T04:00:00,60.8,60.8,46.4,59.04,0,0,,0,0,10.1,6.9,130,1022,89,6.2,0,0,0,10,Partially cloudy,partly-cloudy-night,"85223099999,F9120,SLCB"
suticollo,2025-02-12T05:00:00,59.1,59.1,48.2,67.14,0,0,,0,0,9.2,3.4,130,1023,89,7.7,0,0,0,10,Partially cloudy,partly-cloudy-night,"85223099999,F9120,SLCB"
suticollo,2025-02-12T06:00:00,59,59,50,72.03,0,0,,0,0,8.3,3.4,140,1024,89,6.2,0,0,0,10,Partially cloudy,partly-cloudy-night,"85223099999,F9120,SLCB"
suticollo,2025-02-12T07:00:00,57.2,57.2,53.6,87.75,0,0,,0,0,10.1,3.4,330,1024,89,6.2,48,0.2,0,10,Partially cloudy,partly-cloudy-day,"85223099999,F9120,SLCB"
suticollo,2025-02-12T08:00:00,64.5,64.5,50.1,59.54,0,0,,0,0,11.6,3.4,50,1025,89,7.7,306,1.1,3,10,Partially cloudy,partly-cloudy-day,"85223099999,F9120,SLCB"
suticollo,2025-02-12T09:00:00,66.2,66.2,50,55.91,0,0,,0,0,12.8,2.2,332.8,1026,89,6.2,493,1.8,5,10,Partially cloudy,partly-cloudy-day,"85223099999,F9120,SLCB"
suticollo,2025-02-12T10:00:00,69.8,69.8,50,49.4,0,0,,0,0,13.4,6.9,270,1026,89,6.2,966,3.5,10,10,Partially cloudy,partly-cloudy-day,"85223099999,F9120,SLCB"
suticollo,2025-02-12T11:00:00,71.2,71.2,47.8,43.39,0,0,,0,0,13.4,5.8,280,1025,89,7.7,318,1.1,3,10,Partially cloudy,partly-cloudy-day,"85223099999,F9120,SLCB"
suticollo,2025-02-12T12:00:00,75.2,75.2,46.4,35.97,0,0,,0,0,12.5,5.8,230,1024,89,6.2,710,2.6,7,10,Partially cloudy,partly-cloudy-day,"85223099999,F9120,SLCB"
suticollo,2025-02-12T13:00:00,75.2,75.2,46.4,35.97,0,0,,0,0,12.8,5.8,140,1023,89,6.2,338,1.2,3,10,Partially cloudy,partly-cloudy-day,"85223099999,F9120,SLCB"
suticollo,2025-02-12T14:00:00,75.3,75.3,46.4,35.87,0,0,,0,0,13.6,6.9,290,1022,89,7.7,409,1.5,4,10,Partially cloudy,partly-cloudy-day,"85223099999,F9120,SLCB"
suticollo,2025-02-12T15:00:00,78.8,78.8,44.6,29.82,0,0,,0,0,15.2,9.2,310,1021,89,6.2,450,1.6,5,10,Partially cloudy,partly-cloudy-day,"85223099999,F9120,SLCB"
suticollo,2025-02-12T16:00:00,77,77,44.6,31.65,0,0,,0,0,15.4,5.8,220,1019,89,6.2,359,1.3,4,10,Partially cloudy,partly-cloudy-day,"85223099999,F9120,SLCB"
suticollo,2025-02-12T17:00:00,75.5,75.5,46.2,35.42,0,0,,0,0,15.9,5.8,330,1019,84.1,7.7,165,0.6,2,10,Partially cloudy,partly-cloudy-day,"85223099999,F9120,SLCB"
suticollo,2025-02-12T18:00:00,75.2,75.2,42.8,31.37,0,0,,0,0,15,5.8,20,1019,89,6.2,124,0.4,1,10,Partially cloudy,partly-cloudy-day,"85223099999,F9120,SLCB"
suticollo,2025-02-12T19:00:00,71.6,71.6,44.6,37.92,0,0,,0,0,14.1,13.9,100,1020,89,6.2,16,0.1,0,10,Partially cloudy,partly-cloudy-day,"85223099999,F9120,SLCB"
suticollo,2025-02-12T20:00:00,69.4,69.4,44.9,41.23,0,0,,0,0,10.3,11.4,130,1021,84.1,7.7,0,0,0,10,Partially cloudy,partly-cloudy-night,"85223099999,F9120,SLCB"
suticollo,2025-02-12T21:00:00,66.2,66.2,46.4,48.86,0,0,,0,0,9.2,9.2,140,1022,89,6.2,0,0,0,10,Partially cloudy,partly-cloudy-night,"85223099999,F9120,SLCB"
suticollo,2025-02-12T22:00:00,62.6,62.6,46.4,55.4,0,0,,0,0,8.1,3.4,290,1024,50,6.2,0,0,0,10,Partially cloudy,partly-cloudy-night,"85223099999,F9120,SLCB"
suticollo,2025-02-12T23:00:00,60.9,60.9,49.8,66.91,0,0,,0,0,8.9,4.7,130,1024,54.9,7.7,0,0,0,10,Partially cloudy,partly-cloudy-night,"85223099999,F9120,SLCB"
suticollo,2025-02-13T00:00:00,60.8,60.8,50,67.56,0,0,,0,0,8.1,0,0,1025,50,6.2,0,0,0,10,Partially cloudy,partly-cloudy-night,"85223099999,F9120,SLCB"
suticollo,2025-02-13T01:00:00,62.6,62.6,50,63.4,0,0,,0,0,7.6,5.8,180,1025,50,6.2,0,0,0,10,Partially cloudy,partly-cloudy-night,"85223099999,F9120,SLCB"
suticollo,2025-02-13T02:00:00,61.1,61.1,51.6,71.07,0,0,,0,0,7.2,0,0,1025,54.9,7.7,0,0,0,10,Partially cloudy,partly-cloudy-night,"85223099999,F9120,SLCB"
suticollo,2025-02-13T03:00:00,59,59,48.2,67.36,0,0,,0,0,6.3,5.8,190,1025,50,6.2,0,0,0,10,Partially cloudy,partly-cloudy-night,"85223099999,SLCB"
suticollo,2025-02-13T04:00:00,57.2,57.2,50,76.84,0,0,,0,0,5.1,0,0,1025,27.5,6.2,0,0,0,10,Partially cloudy,partly-cloudy-night,"85223099999,F9120,SLCB"
suticollo,2025-02-13T05:00:00,57.2,57.2,49.6,75.83,0,0,,0,0,4.9,3.4,180,1026,45.1,7.7,0,0,0,10,Partially cloudy,partly-cloudy-night,"85223099999,F9120,SLCB"
suticollo,2025-02-13T06:00:00,57.2,57.2,51.8,82.14,0,0,,0,0,4.9,0,0,1026,50,6.2,0,0,0,10,Partially cloudy,partly-cloudy-night,"85223099999,F9120,SLCB"
suticollo,2025-02-13T07:00:00,57.2,57.2,53.6,87.75,0,0,,0,0,5.6,0,0,1027,89,6.2,45,0.2,0,10,Partially cloudy,partly-cloudy-day,"85223099999,F9120,SLCB"
suticollo,2025-02-13T08:00:00,62.7,62.7,51.9,67.78,0,0,,0,0,7.4,0,0,1028,89,7.7,134,0.5,1,10,Partially cloudy,partly-cloudy-day,"85223099999,F9120,SLCB"
suticollo,2025-02-13T09:00:00,68,68,51.8,56.16,0,0,,0,0,11.4,3.4,330,1029,89,6.2,563,2,6,10,Partially cloudy,partly-cloudy-day,"85223099999,F9120,SLCB"
suticollo,2025-02-13T10:00:00,69.8,69.8,50,49.4,0,0,,0,0,14.1,3.4,290,1029,89,6.2,242,0.9,2,10,Partially cloudy,partly-cloudy-day,"85223099999,F9120,SLCB"
suticollo,2025-02-13T11:00:00,69.8,69.8,46,42.45,0,0,,0,0,16.6,6.9,120,1029,89,5.6,218,0.8,2,10,Partially cloudy,partly-cloudy-day,"85223099999,F9120,SLCB"
suticollo,2025-02-13T12:00:00,73.4,73.4,51.8,46.74,0,0,,0,0,18.1,9.2,30,1028,89,6.2,567,2,6,10,Partially cloudy,partly-cloudy-day,"85223099999,F9120,SLCB"
suticollo,2025-02-13T13:00:00,75.2,75.2,48.2,38.49,0,0,,0,0,18.6,6.9,300,1026,89,6.2,324,1.2,3,10,Partially cloudy,partly-cloudy-day,"85223099999,F9120,SLCB"
suticollo,2025-02-13T14:00:00,77.3,77.3,47.8,35.35,0,0,,0,0,19.5,9.2,350,1025,89,7.7,273,1,3,10,Partially cloudy,partly-cloudy-day,"85223099999,F9120,SLCB"
suticollo,2025-02-13T15:00:00,78.8,78.8,46.4,31.93,0,0,,0,0,19.5,6.9,330,1024,89,6.2,348,1.3,3,10,Partially cloudy,partly-cloudy-day,"85223099999,F9120,SLCB"
suticollo,2025-02-13T16:00:00,78.8,78.8,46.4,31.93,0,0,,0,0,18.8,4.7,280,1022,89,6.2,283,1,3,10,Partially cloudy,partly-cloudy-day,"85223099999,F9120,SLCB"
suticollo,2025-02-13T17:00:00,79.1,79.1,46.5,31.76,0,0,,0,0,18.3,4.7,330,1021,89,7.7,239,0.9,2,10,Partially cloudy,partly-cloudy-day,"85223099999,F9120,SLCB"
suticollo,2025-02-13T18:00:00,77,77,44.6,31.65,0,0,,0,0,17,11.4,150,1021,89,6.2,86,0.3,1,10,Partially cloudy,partly-cloudy-day,"85223099999,F9120,SLCB"
suticollo,2025-02-13T19:00:00,73.4,73.4,46.4,38.21,0,0,,0,0,15,9.2,120,1022,89,6.2,0,0,0,10,Partially cloudy,partly-cloudy-night,"85223099999,F9120,SLCB"
suticollo,2025-02-13T20:00:00,71.6,71.6,46,40.06,0,0,,0,0,13,9.2,100,1023,89,7.7,0,0,0,3,Partially cloudy,partly-cloudy-night,"85223099999,F9120,SLCB"
suticollo,2025-02-13T21:00:00,69.8,69.8,46.4,43.17,0,0,,0,0,13,9.2,100,1024,50,6.2,0,0,0,10,Partially cloudy,partly-cloudy-night,"85223099999,F9120,SLCB"
suticollo,2025-02-13T22:00:00,68,68,46.4,45.91,0,0,,0,0,11.6,8.1,150,1025,89,6.2,0,0,0,10,Partially cloudy,partly-cloudy-night,"85223099999,F9120,SLCB"
suticollo,2025-02-13T23:00:00,66.3,66.3,46.4,48.71,0,0,,0,0,11,8.1,150,1026,89,7.7,0,0,0,10,Partially cloudy,partly-cloudy-night,"85223099999,F9120,SLCB"
suticollo,2025-02-14T00:00:00,66.2,66.2,48.2,52.28,0,0,,0,0,9.8,9.2,140,1026,89,6.2,0,0,0,10,Partially cloudy,partly-cloudy-night,"85223099999,F9120,SLCB"
suticollo,2025-02-14T01:00:00,64.4,64.4,48.2,55.66,0,0,,0,0,8.7,6.9,140,1026,89,6.2,0,0,0,10,Partially cloudy,partly-cloudy-night,"85223099999,F9120,SLCB"
suticollo,2025-02-14T02:00:00,64.5,64.5,50.3,59.93,0,0,,0,0,7.6,9.2,140,1026,89,7.7,0,0,0,10,Partially cloudy,partly-cloudy-night,"85223099999,F9120,SLCB"
suticollo,2025-02-14T03:00:00,64.4,64.4,51.8,63.62,0,0,,0,0,7.4,4.7,230,1025,89,6.2,0,0,0,10,Partially cloudy,partly-cloudy-night,"85223099999,F9120,SLCB"
suticollo,2025-02-14T04:00:00,62.6,62.6,53.6,72.4,0,0,,0,0,5.4,11.4,120,1025,89,6.2,0,0,0,10,Partially cloudy,partly-cloudy-night,"85223099999,F9120,SLCB"
suticollo,2025-02-14T05:00:00,60.8,60.8,51.8,72.22,0,0,,0,0,4.9,5.8,130,1026,89,7.7,0,0,0,10,Partially cloudy,partly-cloudy-night,"85223099999,F9120,SLCB"
suticollo,2025-02-14T06:00:00,60.8,60.8,51.8,72.22,0,0,,0,0,4.3,0,0,1026,89,6.2,0,0,0,10,Partially cloudy,partly-cloudy-night,"85223099999,F9120,SLCB"
suticollo,2025-02-14T07:00:00,60.8,60.8,53.6,77.15,0,0,,0,0,2.7,0,0,1027,89,6.2,45,0.2,0,10,Partially cloudy,partly-cloudy-day,"85223099999,F9120,SLCB"
suticollo,2025-02-14T08:00:00,62.7,62.7,53.2,71.01,0,0,,0,0,6.7,3.4,100,1028,89,7.7,135,0.5,1,10,Partially cloudy,partly-cloudy-day,"85223099999,F9120,SLCB"
suticollo,2025-02-14T09:00:00,64.4,64.4,51.8,63.62,0,0,,0,0,9.4,3.4,160,1028,89,6.2,147,0.5,1,10,Partially cloudy,partly-cloudy-day,"85223099999,F9120,SLCB"
suticollo,2025-02-14T10:00:00,69.8,69.8,53.6,56.41,0,0,,0,0,11.2,3.4,130,1028,89,6.2,765,2.8,8,10,Partially cloudy,partly-cloudy-day,"85223099999,F9120,SLCB"
suticollo,2025-02-14T11:00:00,71.9,71.9,53.4,52.25,0,0,,0,0,12.3,4.7,270,1027,84.1,7.7,469,1.7,5,10,Partially cloudy,partly-cloudy-day,"85223099999,F9120,SLCB"
suticollo,2025-02-14T12:00:00,73.4,73.4,51.8,46.74,0,0,,0,0,13.4,3.4,250,1026,89,6.2,759,2.7,8,10,Partially cloudy,partly-cloudy-day,"85223099999,F9120,SLCB"
suticollo,2025-02-14T13:00:00,75.2,75.2,51.8,44,0,0,,0,0,14.1,3.4,230,1024,89,6.2,861,3.1,9,10,Partially cloudy,partly-cloudy-day,"85223099999,F9120,SLCB"
suticollo,2025-02-14T14:00:00,76.6,76.6,48,36.44,0,0,,0,0,14.5,4.7,200,1023,84.1,7.7,634,2.3,6,10,Partially cloudy,partly-cloudy-day,"85223099999,F9120,SLCB"
suticollo,2025-02-14T15:00:00,77,77,48.2,36.26,0,0,,0,0,15.4,4.7,240,1021,89,6.2,517,1.9,5,10,Partially cloudy,partly-cloudy-day,"85223099999,F9120,SLCB"
suticollo,2025-02-14T16:00:00,78.8,78.8,46.4,31.93,0,0,,0,0,15.4,5.8,130,1019,89,6.2,545,2,5,10,Partially cloudy,partly-cloudy-day,"85223099999,F9120,SLCB"
suticollo,2025-02-14T17:00:00,82,80.7,49.6,32.43,0,0,,0,0,14.8,4.7,230,1019,89,7.7,272,1,3,10,Partially cloudy,partly-cloudy-day,"85223099999,F9120,SLCB"
suticollo,2025-02-14T18:00:00,75.2,75.2,46.4,35.97,0,0,,0,0,13.4,3.4,220,1019,89,6.2,63,0.2,1,10,Partially cloudy,partly-cloudy-day,"85223099999,F9120,SLCB"
suticollo,2025-02-14T19:00:00,66.2,66.2,55.4,68.18,0,0,,0,0,13,12.8,260,1020,89,3.7,0,0,0,10,Partially cloudy,partly-cloudy-night,"85223099999,F9120,SLCB"
suticollo,2025-02-14T20:00:00,62.7,62.7,48.3,59.29,0.008,100,rain,0,0,11.2,12.8,360,1022,89,6.8,0,0,0,10,"Rain, Partially cloudy",rain,"85223099999,F9120,SLCB"
suticollo,2025-02-14T21:00:00,62.6,62.6,51.8,67.77,0,0,,0,0,10.7,6.9,150,1023,89,6.2,0,0,0,10,Partially cloudy,partly-cloudy-night,"85223099999,F9120,SLCB"
suticollo,2025-02-14T22:00:00,64.4,64.4,48.2,55.66,0,0,rain,0,0,9.2,5.8,340,1024,89,6.2,0,0,0,10,Partially cloudy,partly-cloudy-night,"85223099999,F9120,SLCB"
suticollo,2025-02-14T23:00:00,62.2,62.2,56.8,82.22,0,0,rain,0,0,6.5,4.7,270,1025,100,5,0,0,0,10,Overcast,cloudy,"85223099999,F9120,SLCB"
suticollo,2025-02-15T00:00:00,59,59,59,100,0,0,,0,0,5.4,5.8,310,1024,100,5,0,0,0,10,Overcast,cloudy,"85223099999,F9120,SLCB"
suticollo,2025-02-15T01:00:00,59,59,57.2,93.75,0,0,,0,0,5.1,3.4,200,1024,100,5,0,0,0,10,Overcast,cloudy,"85223099999,F9120,SLCB"
suticollo,2025-02-15T02:00:00,59.3,59.3,58.8,98.43,0.039,100,rain,0,0,5.4,4.7,320,1023,100,6.2,0,0,0,10,"Rain, Overcast",rain,"85223099999,F9120,SLCB"
suticollo,2025-02-15T03:00:00,59,59,59,100,0,0,rain,0,0,6.5,3.4,280,1023,89,6.2,0,0,0,10,Partially cloudy,partly-cloudy-night,"85223099999,F9120,SLCB"
suticollo,2025-02-15T04:00:00,59,59,59,100,0,0,,0,0,5.8,4.7,230,1022,89,6.2,0,0,0,10,Partially cloudy,partly-cloudy-night,"85223099999,F9120,SLCB"
suticollo,2025-02-15T05:00:00,57.3,57.3,57.2,99.68,0,0,rain,0,0,5.8,9.2,200,1022,89,6.2,0,0,0,10,Partially cloudy,partly-cloudy-night,"85223099999,F9120,SLCB"
suticollo,2025-02-15T06:00:00,53.6,53.6,53.6,100,0,0,rain,0,0,6.5,3.4,240,1024,100,3.1,0,0,0,10,Overcast,cloudy,"85223099999,F9120,SLCB"
suticollo,2025-02-15T07:00:00,53.6,53.6,53.6,100,0,0,rain,0,0,6.3,9.2,330,1025,100,2.5,22,0.1,0,10,Overcast,cloudy,"85223099999,F9120,SLCB"
suticollo,2025-02-15T08:00:00,55.2,55.2,55.2,100,0,0,rain,0,0,7.8,4.7,230,1026,100,3.1,74,0.3,1,10,Overcast,cloudy,"85223099999,F9120,SLCB"
suticollo,2025-02-15T09:00:00,57.2,57.2,55.4,93.7,0,0,rain,0,0,9.8,0,0,1027,100,5,233,0.8,2,10,Overcast,cloudy,"85223099999,F9120,SLCB"
suticollo,2025-02-15T10:00:00,60.8,60.8,59,93.79,0,0,,0,0,12.5,3.4,290,1026,100,6.2,462,1.7,5,10,Overcast,cloudy,"85223099999,F9120,SLCB"
suticollo,2025-02-15T11:00:00,64,64,55.7,74.43,0,0,,0,0,14.5,4.7,280,1026,100,7.7,343,1.2,3,10,Overcast,cloudy,"85223099999,F9120,SLCB"
suticollo,2025-02-15T12:00:00,66.2,66.2,55.4,68.18,0,0,,0,0,14.8,3.4,220,1025,89,6.2,561,2,6,10,Partially cloudy,partly-cloudy-day,"85223099999,F9120,SLCB"
suticollo,2025-02-15T13:00:00,71.6,71.6,55.4,56.66,0,0,,0,0,14.3,4.7,250,1023,89,6.2,506,1.8,5,10,Partially cloudy,partly-cloudy-day,"85223099999,F9120,SLCB"
suticollo,2025-02-15T14:00:00,69.8,69.8,53.6,56.41,0,0,,0,0,13.9,3.4,320,1022,89,6.2,371,1.3,4,10,Partially cloudy,partly-cloudy-day,"85223099999,F9120,SLCB"
suticollo,2025-02-15T15:00:00,75.2,75.2,53.6,47.01,0,0,rain,0,0,12.1,5.8,290,1021,89,6.2,393,1.4,4,10,Partially cloudy,partly-cloudy-day,"85223099999,F9120,SLCB"
suticollo,2025-02-15T16:00:00,73.4,73.4,50,43.73,0,0,,0,0,11.9,3.4,220,1019,89,6.2,295,1.1,3,10,Partially cloudy,partly-cloudy-day,"85223099999,F9120,SLCB"
suticollo,2025-02-15T17:00:00,71.7,71.7,49.8,46.02,0,0,,0,0,11,3.4,180,1019,89,7.7,182,0.7,2,10,Partially cloudy,partly-cloudy-day,"85223099999,F9120,SLCB"
suticollo,2025-02-15T18:00:00,66.2,66.2,51.8,59.76,0,0,,0,0,11.6,13.9,140,1019,89,6.2,16,0.1,0,10,Partially cloudy,partly-cloudy-day,"85223099999,F9120,SLCB"
suticollo,2025-02-15T19:00:00,66.2,66.2,51.8,59.76,0,0,,0,0,7.4,6.9,130,1020,89,6.2,0,0,0,10,Partially cloudy,partly-cloudy-night,"85223099999,F9120,SLCB"
suticollo,2025-02-15T20:00:00,65.8,65.8,52.1,61.1,0,0,,0,0,7.2,6.9,110,1021,89,7.7,0,0,0,10,Partially cloudy,partly-cloudy-night,"85223099999,F9120,SLCB"
suticollo,2025-02-15T21:00:00,64.4,64.4,53.6,67.97,0,0,,0,0,7.2,3.4,330,1022,89,6.2,0,0,0,10,Partially cloudy,partly-cloudy-night,"85223099999,F9120,SLCB"
suticollo,2025-02-15T22:00:00,64.4,64.4,51.8,63.62,0,0,,0,0,5.8,3.4,310,1022,89,6.2,0,0,0,10,Partially cloudy,partly-cloudy-night,"85223099999,F9120,SLCB"
suticollo,2025-02-15T23:00:00,64,64,55.2,73.02,0,0,,0,0,6.3,0,0,1023,89,7.7,0,0,0,10,Partially cloudy,partly-cloudy-night,"85223099999,F9120,SLCB"
suticollo,2025-02-16T00:00:00,64.4,64.4,53.6,67.97,0,0,,0,0,6,3.4,80,1023,89,6.2,0,0,0,10,Partially cloudy,partly-cloudy-night,"85223099999,F9120,SLCB"
suticollo,2025-02-16T01:00:00,62.6,62.6,55.4,77.31,0,0,,0,0,4.9,3.4,120,1023,89,6.2,0,0,0,10,Partially cloudy,partly-cloudy-night,"85223099999,F9120,SLCB"
suticollo,2025-02-16T02:00:00,62.7,62.7,56.8,81.21,0,0,,0,0,5.4,4.7,10,1022,89,5,0,0,0,10,Partially cloudy,partly-cloudy-night,"85223099999,F9120,SLCB"
suticollo,2025-02-16T03:00:00,59,59,59,100,0,0,,0,0,5.1,11.4,140,1022,100,4.3,0,0,0,10,Overcast,cloudy,"85223099999,F9120,SLCB"
suticollo,2025-02-16T04:00:00,55.4,55.4,55.4,100,0,0,,0,0,4.3,11.4,140,1023,100,3.7,0,0,0,10,Overcast,cloudy,"85223099999,F9120,SLCB"
suticollo,2025-02-16T05:00:00,56.8,56.8,56.8,100,0,0,,0,0,4.3,5.8,110,1023,100,3.7,0,0,0,10,Overcast,cloudy,"85223099999,F9120,SLCB"
suticollo,2025-02-16T06:00:00,55.3,55.3,55.3,100,0,0,,0,0,4,3.4,250,1024,100,5,0,0,0,10,Overcast,cloudy,"F9120,SLCB"
suticollo,2025-02-16T07:00:00,55.4,55.4,55.4,100,0,0,,0,0,4.5,3.4,250,1025,100,5,15,0.1,0,10,Overcast,cloudy,"85223099999,F9120,SLCB"
suticollo,2025-02-16T08:00:00,57,57,57,100,0,0,,0,0,6.9,3.4,230,1025,93.9,6.2,60,0.2,1,10,Overcast,cloudy,"85223099999,F9120,SLCB"
suticollo,2025-02-16T09:00:00,62.6,62.6,59,88.01,0,0,,0,0,7.6,3.4,310,1026,89,6.2,207,0.7,2,10,Partially cloudy,partly-cloudy-day,"85223099999,F9120,SLCB"
suticollo,2025-02-16T10:00:00,66.2,66.2,55.4,68.18,0,0,,0,0,9.6,3.4,260,1026,89,6.2,471,1.7,5,10,Partially cloudy,partly-cloudy-day,"85223099999,F9120,SLCB"
suticollo,2025-02-16T11:00:00,68.3,68.3,55.7,64.1,0,0,,0,0,13,3.4,280,1025,64.8,9.3,944,3.4,9,10,Partially cloudy,partly-cloudy-day,"85223099999,F9120,SLCB"
suticollo,2025-02-16T12:00:00,71.6,71.6,55.4,56.66,0,0,,0,0,14.8,4.7,270,1024,50,6.2,738,2.7,7,10,Partially cloudy,partly-cloudy-day,"85223099999,F9120,SLCB"
suticollo,2025-02-16T13:00:00,73.4,73.4,48.2,40.89,0,0,,0,0,17.2,4.7,210,1023,50,6.2,653,2.4,7,10,Partially cloudy,partly-cloudy-day,"85223099999,F9120,SLCB"
suticollo,2025-02-16T14:00:00,75.5,75.5,57,52.76,0,0,,0,0,17.4,4.7,210,1021,64.8,7.1,962,3.5,10,10,Partially cloudy,partly-cloudy-day,"85223099999,F9120,SLCB"
suticollo,2025-02-16T15:00:00,73.4,73.4,59,60.7,0,0,,0,0,16.6,3.4,110,1020,89,6.2,190,0.7,2,10,Partially cloudy,partly-cloudy-day,"85223099999,F9120,SLCB"
suticollo,2025-02-16T16:00:00,75.2,75.2,53.6,47.01,0,0,,0,0,15.2,4.7,30,1019,89,6.2,244,0.9,2,10,Partially cloudy,partly-cloudy-day,"85223099999,F9120,SLCB"
suticollo,2025-02-16T17:00:00,73,73,55,53.1,0,0,,0,0,12.3,8.1,230,1019,89,3.7,139,0.5,1,10,Partially cloudy,partly-cloudy-day,"85223099999,F9120,SLCB"
suticollo,2025-02-16T18:00:00,68,68,59,72.94,0,0,rain,0,0,9.8,11.4,140,1020,89,5,7,0,0,10,Partially cloudy,partly-cloudy-day,"85223099999,F9120,SLCB"
suticollo,2025-02-16T19:00:00,60.8,60.8,57.2,87.93,0,0,rain,0,0,9.6,4.7,240,1022,100,5,0,0,0,10,Overcast,cloudy,"85223099999,F9120,SLCB"
suticollo,2025-02-16T20:00:00,60.4,60.4,58.8,94.68,0.118,100,rain,0,0,9.4,3.4,140,1023,100,5,0,0,0,10,"Rain, Overcast",rain,"85223099999,F9120,SLCB"
suticollo,2025-02-16T21:00:00,59,59,59,100,0,0,,0,0,8.9,0,0,1023,89,5,0,0,0,10,Partially cloudy,partly-cloudy-night,"85223099999,F9120,SLCB"
suticollo,2025-02-16T22:00:00,59,59,59,100,0,0,rain,0,0,8.9,0,0,1024,89,6.2,0,0,0,10,Partially cloudy,partly-cloudy-night,"85223099999,F9120,SLCB"
suticollo,2025-02-16T23:00:00,60.4,60.4,60.4,100,0,0,,0,0,8.9,3.4,300,1024,89,7.7,0,0,0,10,Partially cloudy,partly-cloudy-night,"85223099999,F9120,SLCB"
suticollo,2025-02-17T00:00:00,60.8,60.8,60.8,100,0,0,rain,0,0,8.5,3.4,280,1024,100,6.2,0,0,0,10,Overcast,cloudy,"85223099999,F9120,SLCB"
suticollo,2025-02-17T01:00:00,60.8,60.8,60.8,100,0,0,rain,0,0,7.2,3.4,280,1024,100,6.2,0,0,0,10,Overcast,cloudy,"85223099999,F9120,SLCB"
suticollo,2025-02-17T02:00:00,59.3,59.3,59.3,100,0.024,100,rain,0,0,7.2,0,0,1023,100,7.7,0,0,0,10,"Rain, Overcast",rain,"85223099999,F9120,SLCB"
suticollo,2025-02-17T03:00:00,59,59,59,100,0,0,,0,0,7.6,3.4,320,1023,89,6.2,0,0,0,10,Partially cloudy,partly-cloudy-night,"85223099999,F9120,SLCB"
suticollo,2025-02-17T04:00:00,59,59,59,100,0,0,,0,0,8.7,0,0,1023,89,6.2,0,0,0,10,Partially cloudy,partly-cloudy-night,"85223099999,F9120,SLCB"
suticollo,2025-02-17T05:00:00,59,59,59,100,0,0,,0,0,8.5,0,0,1023,89,7.7,0,0,0,10,Partially cloudy,partly-cloudy-night,"85223099999,F9120,SLCB"
suticollo,2025-02-17T06:00:00,59,59,59,100,0,0,,0,0,8.7,0,0,1023,89,6.2,0,0,0,10,Partially cloudy,partly-cloudy-night,"85223099999,F9120,SLCB"
suticollo,2025-02-17T07:00:00,59,59,59,100,0,0,,0,0,8.7,3.4,230,1024,89,6.2,48,0.2,0,10,Partially cloudy,partly-cloudy-day,"85223099999,F9120,SLCB"
suticollo,2025-02-17T08:00:00,60.8,60.8,60.8,100,0,0,,0,0,8.3,0,0,1025,89,7.7,141,0.5,1,10,Partially cloudy,partly-cloudy-day,"85223099999,F9120,SLCB"
suticollo,2025-02-17T09:00:00,64.4,64.4,60.8,88.1,0,0,,0,0,8.3,0,0,1026,89,6.2,328,1.2,3,10,Partially cloudy,partly-cloudy-day,"85223099999,F9120,SLCB"
suticollo,2025-02-17T10:00:00,71.6,71.6,59,64.5,0,0,,0,0,8.7,3.4,120,1026,89,6.2,360,1.3,4,10,Partially cloudy,partly-cloudy-day,"85223099999,F9120,SLCB"
suticollo,2025-02-17T11:00:00,71.7,71.7,56.8,59.33,0,0,,0,0,9.4,3.4,160,1025,89,7.7,169,0.6,2,10,Partially cloudy,partly-cloudy-day,"85223099999,F9120,SLCB"
suticollo,2025-02-17T12:00:00,73.4,73.4,55.4,53.32,0,0,,0,0,10.1,4.7,10,1024,89,6.2,149,0.5,1,10,Partially cloudy,partly-cloudy-day,"85223099999,F9120,SLCB"
suticollo,2025-02-17T13:00:00,71.6,71.6,53.6,53.06,0,0,,0,0,10.7,6.9,360,1024,89,6.2,157,0.6,2,10,Partially cloudy,partly-cloudy-day,"85223099999,F9120,SLCB"
suticollo,2025-02-17T14:00:00,73.5,73.5,53.7,49.95,0,0,,0,0,11.6,4.7,20,1023,89,7.1,395,1.4,4,10,Partially cloudy,partly-cloudy-day,"85223099999,F9120,SLCB"
suticollo,2025-02-17T15:00:00,75.2,75.2,55.4,50.2,0,0,,0,0,10.3,5.8,140,1021,89,6.2,258,0.9,3,10,Partially cloudy,partly-cloudy-day,"85223099999,F9120,SLCB"
suticollo,2025-02-17T16:00:00,73.4,73.4,50,43.73,0,0,,0,0,10.5,5.8,200,1021,89,6.2,126,0.5,1,10,Partially cloudy,partly-cloudy-day,"85223099999,F9120,SLCB"
suticollo,2025-02-17T17:00:00,70.1,70.1,55,58.93,0,0,,0,0,10.1,8.1,350,1021,89,7.1,96,0.3,1,10,Partially cloudy,partly-cloudy-day,"85223099999,F9120,SLCB"
suticollo,2025-02-17T18:00:00,68,68,55.4,64.07,0,0,,0,0,12.1,5.8,300,1021,89,6.2,7,0,0,10,Partially cloudy,partly-cloudy-day,"85223099999,F9120,SLCB"
suticollo,2025-02-17T19:00:00,59.6,59.6,48.8,67.43,0,0,rain,0,0,10.7,3.4,85.7,1012,93.9,12,26.1,0.1,0,10,Overcast,cloudy,remote
suticollo,2025-02-17T20:00:00,64.4,64.4,56.8,76.48,0,0,rain,0,0,2.5,8.1,160,1023,89,7.1,0,0,0,10,Partially cloudy,partly-cloudy-night,"85223099999,F9120,SLCB"
suticollo,2025-02-17T21:00:00,60.8,60.8,57.2,87.93,0,0,rain,0,0,0.7,8.1,170,1024,89,5.6,0,0,0,10,Partially cloudy,partly-cloudy-night,"85223099999,F9120,SLCB"
suticollo,2025-02-17T22:00:00,60.8,60.8,59,93.79,0,0,rain,0,0,1.3,6.9,160,1025,100,3.7,0,0,0,10,Overcast,cloudy,"85223099999,F9120,SLCB"
suticollo,2025-02-17T23:00:00,57.5,57.5,57.5,100,0,0,,0,0,1.8,3.4,340,1026,100,4.3,0,0,0,10,Overcast,cloudy,"85223099999,F9120,SLCB"
suticollo,2025-02-18T00:00:00,59,59,59,100,0,0,,0,0,2.5,3.4,180,1026,100,5,0,0,0,10,Overcast,cloudy,"85223099999,F9120,SLCB"
suticollo,2025-02-18T01:00:00,59,59,57.2,93.75,0,0,,0,0,2.5,3.4,180,1026,100,5,0,0,0,10,Overcast,cloudy,"85223099999,F9120,SLCB"
suticollo,2025-02-18T02:00:00,57.3,57.3,57,99.05,0.394,100,rain,0,0,1.8,4.7,320,1026,100,5,0,0,0,10,"Rain, Overcast",rain,"85223099999,F9120,SLCB"
suticollo,2025-02-18T03:00:00,57.2,57.2,57.2,100,0,0,rain,0,0,2.5,3.4,300,1026,100,5,0,0,0,10,Overcast,cloudy,"85223099999,F9120,SLCB"
suticollo,2025-02-18T04:00:00,57.2,57.2,57.2,100,0,0,rain,0,0,4,0,0,1026,100,5,0,0,0,10,Overcast,cloudy,"85223099999,F9120,SLCB"
suticollo,2025-02-18T05:00:00,55.7,55.7,55.7,100,0,0,rain,0,0,4.3,5.8,110,1026,100,5,0,0,0,10,Overcast,cloudy,"85223099999,F9120,SLCB"
suticollo,2025-02-18T06:00:00,55.4,55.4,55.4,100,0,0,,0,0,3.8,3.4,30,1026,100,5,0,0,0,10,Overcast,cloudy,"85223099999,F9120,SLCB"
suticollo,2025-02-18T07:00:00,55.4,55.4,55.4,100,0,0,,0,0,4,3.4,310,1027,100,3.7,10,0,0,10,Overcast,cloudy,"85223099999,F9120,SLCB"
suticollo,2025-02-18T08:00:00,56.8,56.8,56.8,100,0,0,,0,0,3.1,3.4,310,1028,100,3.1,64,0.2,1,10,Overcast,cloudy,"85223099999,F9120,SLCB"
suticollo,2025-02-18T09:00:00,57.2,57.2,57.2,100,0,0,rain,0,0,3.6,4.7,330,1029,89,4.3,185,0.7,2,10,Partially cloudy,partly-cloudy-day,"85223099999,F9120,SLCB"
suticollo,2025-02-18T10:00:00,60.8,60.8,60.8,100,0,0,,0,0,3.4,3.4,300,1029,89,6.2,289,1,3,10,Partially cloudy,partly-cloudy-day,"85223099999,F9120,SLCB"
suticollo,2025-02-18T11:00:00,64.2,64.2,57.5,78.7,0,0,,0,0,6,3.4,290,1028,100,7.7,424,1.5,4,10,Overcast,cloudy,"85223099999,F9120,SLCB"
suticollo,2025-02-18T12:00:00,66.2,66.2,55.4,68.18,0,0,rain,0,0,7.2,3.4,30,1027,100,6.2,412,1.5,4,10,Overcast,cloudy,"85223099999,F9120,SLCB"
suticollo,2025-02-18T13:00:00,69.8,69.8,53.6,56.41,0,0,,0,0,2,4.7,10,1026,89,6.2,469,1.7,5,10,Partially cloudy,partly-cloudy-day,"85223099999,F9120,SLCB"
suticollo,2025-02-18T14:00:00,69.4,69.4,53.2,56.53,0.016,100,rain,0,0,2.9,6.9,300,1024,89,5.6,625,2.3,6,10,"Rain, Partially cloudy",rain,"85223099999,F9120,SLCB"
suticollo,2025-02-18T15:00:00,75.2,75.2,53.6,47.01,0,0,,0,0,4.5,6.9,300,1023,89,6.2,260,0.9,3,10,Partially cloudy,partly-cloudy-day,"85223099999,F9120,SLCB"
suticollo,2025-02-18T16:00:00,71.6,71.6,55.4,56.66,0,0,,0,0,3.6,5.8,270,1022,89,5.6,178,0.6,2,10,Partially cloudy,partly-cloudy-day,"85223099999,F9120,SLCB"
suticollo,2025-02-18T17:00:00,68.3,68.3,56.8,66.68,0,0,,0,0,2.7,5.8,330,1021,93.9,5,121,0.4,1,10,Overcast,cloudy,"85223099999,F9120,SLCB"
suticollo,2025-02-18T18:00:00,66.2,66.2,59,77.62,0,0,,0,0,4.7,6.9,290,1022,89,5.6,64,0.2,1,10,Partially cloudy,partly-cloudy-day,"85223099999,F9120,SLCB"
suticollo,2025-02-18T19:00:00,64.4,64.4,59,82.63,0,0,rain,0,0,5.4,5.8,250,1023,89,6.2,0,0,0,10,Partially cloudy,partly-cloudy-night,"85223099999,F9120,SLCB"
suticollo,2025-02-18T20:00:00,64,64,57.3,78.68,0.012,100,rain,0,0,6,6.9,250,1024,89,7.7,0,0,0,10,"Rain, Partially cloudy",rain,"85223099999,F9120,SLCB"
suticollo,2025-02-18T21:00:00,62.6,62.6,57.2,82.51,0,0,rain,0,0,8.9,4.7,340,1025,89,6.2,0,0,0,10,Partially cloudy,partly-cloudy-night,"85223099999,F9120,SLCB"
suticollo,2025-02-18T22:00:00,60.8,60.8,57.2,87.93,0,0,,0,0,6.3,6.9,330,1026,89,6.2,0,0,0,10,Partially cloudy,partly-cloudy-night,"85223099999,F9120,SLCB"
suticollo,2025-02-18T23:00:00,60.4,60.4,57.2,89.32,0,0,,0,0,3.8,5.8,360,1027,89,7.7,0,0,0,10,Partially cloudy,partly-cloudy-night,"85223099999,F9120,SLCB"
suticollo,2025-02-19T00:00:00,59,59,57.2,93.75,0,0,,0,0,2.9,4.7,330,1026,89,6.2,0,0,0,10,Partially cloudy,partly-cloudy-night,"85223099999,F9120,SLCB"
suticollo,2025-02-19T01:00:00,59,59,57.2,93.75,0,0,,0,0,2.7,4.7,330,1026,89,6.2,0,0,0,10,Partially cloudy,partly-cloudy-night,"85223099999,F9120,SLCB"
suticollo,2025-02-19T02:00:00,59.1,59.1,56.8,91.97,0,0,rain,0,0,1.8,3.4,320,1025,89,7.7,0,0,0,10,Partially cloudy,partly-cloudy-night,"85223099999,F9120,SLCB"
suticollo,2025-02-19T03:00:00,59,59,57.2,93.75,0,0,rain,0,0,2.9,3.4,310,1025,89,6.2,0,0,0,10,Partially cloudy,partly-cloudy-night,"85223099999,F9120,SLCB"
suticollo,2025-02-19T04:00:00,59,59,57.2,93.75,0,0,rain,0,0,2.5,3.4,320,1025,89,6.2,0,0,0,10,Partially cloudy,partly-cloudy-night,"85223099999,F9120,SLCB"
suticollo,2025-02-19T05:00:00,58.6,58.6,57.3,95.25,0,0,rain,0,0,1.8,0,0,1025,89,7.7,0,0,0,10,Partially cloudy,partly-cloudy-night,"85223099999,F9120,SLCB"
suticollo,2025-02-19T06:00:00,59,59,57.2,93.75,0,0,,0,0,2,3.4,330,1025,89,6.2,0,0,0,10,Partially cloudy,partly-cloudy-night,"85223099999,F9120,SLCB"
suticollo,2025-02-19T07:00:00,59,59,57.2,93.75,0,0,,0,0,1.3,0,0,1026,89,5.6,88,0.3,1,10,Partially cloudy,partly-cloudy-day,"85223099999,F9120,SLCB"
suticollo,2025-02-19T08:00:00,62.9,62.9,60.4,91.8,0,0,rain,0,0,1.8,0,0,1026,89,5.6,180,0.6,2,10,Partially cloudy,partly-cloudy-day,"85223099999,F9120,SLCB"
suticollo,2025-02-19T09:00:00,62.6,62.6,59,88.01,0,0,rain,0,0,1.6,0,0,1027,89,6.2,201,0.7,2,10,Partially cloudy,partly-cloudy-day,"85223099999,F9120,SLCB"
suticollo,2025-02-19T10:00:00,69.8,69.8,59,68.58,0,0,,0,0,3.1,3.4,250,1026,89,6.2,702,2.5,7,10,Partially cloudy,partly-cloudy-day,"85223099999,F9120,SLCB"
